E_Vcm,g_upper,g_lower,dg,E_upper_MHz,E_lower_MHz
0,-0.01476486511,-0.01503891264,0.0002740475289,14546.27681,14540.98681
0.25,-0.01476529298,-0.01503848478,0.0002731918032,14546.2853,14540.97832
0.5,-0.01476655213,-0.01503722562,0.0002706734877,14546.31061,14540.953
0.75,-0.01476857303,-0.01503520471,0.0002666316868,14546.35226,14540.91134
1,-0.01477125113,-0.0150325266,0.0002612754636,14546.40954,14540.85405
1.25,-0.01477446074,-0.01502931697,0.0002548562375,14546.48148,14540.78209
1.5,-0.01477806915,-0.01502570853,0.0002476393803,14546.56701,14540.69654
1.75,-0.0147819487,-0.01502182897,0.0002398802698,14546.66499,14540.59853
2,-0.01478598502,-0.01501779261,0.0002318075918,14546.77425,14540.48925
2.25,-0.01479008167,-0.01501369593,0.0002236142527,14546.89366,14540.36981
2.5,-0.01479416146,-0.01500961611,0.0002154546504,14547.02213,14540.2413
2.75,-0.01479816557,-0.01500561195,0.000207446383,14547.15869,14540.1047
3,-0.01480205148,-0.015001726,0.0001996745192,14547.30243,14539.96092
3.25,-0.01480579024,-0.01499798719,0.0001921969549,14547.45254,14539.81077
3.5,-0.01480936376,-0.01499441362,0.000185049864,14547.60829,14539.65496
3.75,-0.01481276232,-0.014991015,0.0001782526815,14547.76906,14539.49414
4,-0.01481598245,-0.01498779481,0.000171812361,14547.93427,14539.32887
4.25,-0.01481902518,-0.01498475202,0.0001657268463,14548.10344,14539.15965
4.5,-0.01482189466,-0.01498188247,0.0001599878066,14548.27613,14538.98689
4.75,-0.01482459716,-0.0149791799,0.0001545827329,14548.45196,14538.81099
5,-0.01482714024,-0.01497663675,0.0001494965077,14548.6306,14538.63228
5.25,-0.01482953217,-0.01497424473,0.0001447125573,14548.81177,14538.45104
5.5,-0.01483178157,-0.01497199525,0.0001402136782,14548.99519,14538.26753
5.75,-0.01483389706,-0.01496987968,0.0001359826176,14549.18066,14538.08198
6,-0.01483588709,-0.01496788956,0.0001320024699,14549.36797,14537.89458
6.25,-0.01483775981,-0.01496601674,0.0001282569362,14549.55695,14537.70551
6.5,-0.01483952298,-0.01496425347,0.0001247304858,14549.74744,14537.51493
6.75,-0.01484118395,-0.0149625924,0.0001214084467,14549.9393,14537.32296
7,-0.0148427496,-0.01496102664,0.0001182770461,14550.13242,14537.12974
7.25,-0.01484422636,-0.01495954977,0.000115323416,14550.32668,14536.93538
7.5,-0.01484562022,-0.0149581558,0.0001125355758,14550.52199,14536.73996
7.75,-0.01484693675,-0.01495683915,0.0001099023995,14550.71826,14536.54357
8,-0.0148481811,-0.01495559468,0.0001074135736,14550.91542,14536.3463
8.25,-0.01484935805,-0.0149544176,0.0001050595496,14551.11338,14536.14822
8.5,-0.01485047201,-0.01495330351,0.0001028314949,14551.3121,14535.94938
8.75,-0.01485152707,-0.01495224832,0.0001007212421,14551.51151,14535.74984
9,-0.01485252701,-0.01495124825,9.872124081e-05,14551.71156,14535.54966
9.25,-0.0148534753,-0.01495029981,9.682451022e-05,14551.91221,14535.34888
9.5,-0.01485437519,-0.01494939978,9.502459482e-05,14552.1134,14535.14754
9.75,-0.01485522965,-0.01494854517,9.331552247e-05,14552.31512,14534.94568
10,-0.01485604145,-0.01494773322,9.169176549e-05,14552.51731,14534.74334
10.5,-0.01485754713,-0.01494622722,8.868009503e-05,14552.923,14534.33735
12.09243697,-0.01486146794,-0.0149423053,8.08373589e-05,14554.22463,14533.03465
13.68487395,-0.01486437279,-0.01493939917,7.502637812e-05,14555.53708,14531.72098
15.27731092,-0.01486654827,-0.01493722227,7.067399325e-05,14556.85711,14530.39958
16.8697479,-0.01486818462,-0.01493558434,6.739971886e-05,14558.18264,14529.07253
18.46218487,-0.01486941226,-0.01493435495,6.494269209e-05,14559.51227,14527.74124
20.05462185,-0.01487032325,-0.01493344207,6.31188219e-05,14560.84503,14526.40665
21.64705882,-0.01487098421,-0.01493277905,6.179483808e-05,14562.18024,14525.06948
23.2394958,-0.01487144449,-0.01493231656,6.087206967e-05,14563.51738,14523.73022
24.83193277,-0.01487174134,-0.01493201734,6.027600074e-05,14564.85607,14522.38926
26.42436975,-0.0148719034,-0.01493185276,5.994936155e-05,14566.19602,14521.04688
28.01680672,-0.01487195302,-0.01493180046,5.984744542e-05,14567.53702,14519.70332
29.6092437,-0.01487190789,-0.01493184275,5.993486315e-05,14568.87887,14518.35874
31.20168067,-0.0148717822,-0.01493196545,6.018324865e-05,14570.22144,14517.0133
32.79411765,-0.01487158744,-0.01493215705,6.056960721e-05,14571.56462,14515.66709
34.38655462,-0.01487133304,-0.01493240815,6.107510701e-05,14572.90831,14514.32023
35.9789916,-0.01487102677,-0.01493271095,6.168418146e-05,14574.25244,14512.97278
37.57142857,-0.01487067512,-0.01493305897,6.238385342e-05,14575.59693,14511.62482
39.16386555,-0.01487028355,-0.01493344677,6.316321996e-05,14576.94174,14510.27638
40.75630252,-0.01486985666,-0.01493386972,6.401305513e-05,14578.28682,14508.92753
42.3487395,-0.01486939839,-0.01493432389,6.492550032e-05,14579.63213,14507.57829
43.94117647,-0.01486891211,-0.01493480593,6.589382069e-05,14580.97763,14506.22871
45.53361345,-0.01486840071,-0.01493531292,6.691221167e-05,14582.32331,14504.87881
47.12605042,-0.01486786671,-0.01493584235,6.797564405e-05,14583.66913,14503.52861
48.71848739,-0.0148673123,-0.01493639204,6.907973899e-05,14585.01508,14502.17814
50.31092437,-0.0148667394,-0.01493696006,7.022066637e-05,14586.36113,14500.82741
51.90336134,-0.01486614968,-0.01493754474,7.139506159e-05,14587.70726,14499.47644
53.49579832,-0.01486554464,-0.0149381446,7.259995708e-05,14589.05348,14498.12525
55.08823529,-0.01486492558,-0.01493875831,7.383272549e-05,14590.39975,14496.77385
56.68067227,-0.01486429368,-0.01493938471,7.509103237e-05,14591.74607,14495.42225
58.27310924,-0.01486364996,-0.01494002276,7.63727965e-05,14593.09243,14494.07046
59.86554622,-0.01486299537,-0.01494067153,7.767615655e-05,14594.43882,14492.71849
61.45798319,-0.01486233074,-0.01494133018,7.899944278e-05,14595.78523,14491.36635
63.05042017,-0.01486165682,-0.01494199797,8.034115305e-05,14597.13165,14490.01404
64.64285714,-0.01486097428,-0.01494267422,8.169993237e-05,14598.47809,14488.66158
66.23529412,-0.01486028375,-0.01494335831,8.307455525e-05,14599.82452,14487.30896
67.82773109,-0.01485958577,-0.01494404968,8.44639107e-05,14601.17095,14485.9562
69.42016807,-0.01485888085,-0.01494474784,8.58669891e-05,14602.51737,14484.60329
71.01260504,-0.01485816945,-0.01494545232,8.728287095e-05,14603.86378,14483.25025
72.60504202,-0.01485745199,-0.01494616271,8.871071702e-05,14605.21018,14481.89707
74.19747899,-0.01485672885,-0.01494687861,9.014975982e-05,14606.55655,14480.54377
75.78991597,-0.01485600039,-0.01494759969,9.159929606e-05,14607.90289,14479.19033
77.38235294,-0.01485526693,-0.01494832561,9.30586801e-05,14609.24921,14477.83678
78.97478992,-0.01485452876,-0.01494905608,9.452731817e-05,14610.5955,14476.48311
80.56722689,-0.01485378616,-0.01494979082,9.600466325e-05,14611.94175,14475.12931
82.15966387,-0.01485303937,-0.01495052959,9.74902106e-05,14613.28797,14473.77541
83.75210084,-0.01485228865,-0.01495127214,9.89834937e-05,14614.63416,14472.42139
85.34453782,-0.01485153419,-0.01495201827,0.0001004840807,14615.9803,14471.06726
86.93697479,-0.0148507762,-0.01495276777,0.0001019915715,14617.3264,14469.71302
88.52941176,-0.01485001487,-0.01495352046,0.0001035055943,14618.67245,14468.35868
90.12184874,-0.01484925036,-0.01495427617,0.0001050258038,14620.01846,14467.00423
91.71428571,-0.01484848285,-0.01495503473,0.0001065518786,14621.36442,14465.64968
93.30672269,-0.01484771247,-0.01495579599,0.000108083519,14622.71034,14464.29502
94.89915966,-0.01484693937,-0.01495655982,0.0001096204455,14624.0562,14462.94027
96.49159664,-0.01484616368,-0.01495732608,0.0001111623971,14625.40202,14461.58541
98.08403361,-0.01484538552,-0.01495809465,0.0001127091294,14626.74778,14460.23046
99.67647059,-0.01484460501,-0.01495886543,0.0001142604139,14628.09348,14458.87541
101.2689076,-0.01484382225,-0.01495963829,0.0001158160362,14629.43914,14457.52027
102.8613445,-0.01484303734,-0.01496041314,0.0001173757953,14630.78473,14456.16503
104.4537815,-0.01484225038,-0.01496118989,0.0001189395023,14632.13028,14454.80969
106.0462185,-0.01484146146,-0.01496196844,0.0001205069797,14633.47576,14453.45427
107.6386555,-0.01484067066,-0.01496274872,0.0001220780606,14634.82118,14452.09875
109.2310924,-0.01483987805,-0.01496353064,0.0001236525875,14636.16655,14450.74314
110.8235294,-0.01483908372,-0.01496431413,0.0001252304123,14637.51186,14449.38744
112.4159664,-0.01483828773,-0.01496509913,0.000126811395,14638.8571,14448.03164
114.0084034,-0.01483749015,-0.01496588556,0.0001283954035,14640.20229,14446.67576
115.6008403,-0.01483669104,-0.01496667336,0.000129982313,14641.54741,14445.31979
117.1932773,-0.01483589046,-0.01496746247,0.0001315720055,14642.89247,14443.96374
118.7857143,-0.01483508847,-0.01496825284,0.0001331643691,14644.23747,14442.60759
120.3781513,-0.01483428511,-0.01496904441,0.0001347592981,14645.58241,14441.25136
121.9705882,-0.01483348045,-0.01496983714,0.0001363566922,14646.92728,14439.89504
123.5630252,-0.01483267452,-0.01497063098,0.0001379564561,14648.27209,14438.53863
125.1554622,-0.01483186737,-0.01497142587,0.0001395584996,14649.61683,14437.18214
126.7478992,-0.01483105905,-0.01497222179,0.0001411627369,14650.96151,14435.82556
128.3403361,-0.01483024959,-0.01497301868,0.0001427690865,14652.30612,14434.4689
129.9327731,-0.01482943904,-0.01497381651,0.0001443774707,14653.65066,14433.11215
131.5252101,-0.01482862743,-0.01497461524,0.0001459878159,14654.99514,14431.75532
133.1176471,-0.01482781479,-0.01497541484,0.0001476000517,14656.33956,14430.39841
134.710084,-0.01482700117,-0.01497621528,0.0001492141113,14657.6839,14429.04141
136.302521,-0.01482618658,-0.01497701651,0.0001508299307,14659.02818,14427.68433
137.894958,-0.01482537107,-0.01497781852,0.0001524474491,14660.37239,14426.32717
139.487395,-0.01482455466,-0.01497862127,0.0001540666085,14661.71654,14424.96992
141.0798319,-0.01482373738,-0.01497942473,0.0001556873532,14663.06061,14423.61259
142.6722689,-0.01482291925,-0.01498022888,0.0001573096304,14664.40462,14422.25518
144.2647059,-0.0148221003,-0.01498103369,0.0001589333893,14665.74856,14420.89769
145.8571429,-0.01482128056,-0.01498183914,0.0001605585815,14667.09243,14419.54011
147.4495798,-0.01482046005,-0.01498264521,0.0001621851606,14668.43623,14418.18246
149.0420168,-0.01481963879,-0.01498345187,0.0001638130823,14669.77996,14416.82472
150.6344538,-0.0148188168,-0.0149842591,0.000165442304,14671.12362,14415.4669
152.2268908,-0.0148179941,-0.01498506688,0.0001670727849,14672.46721,14414.10901
153.8193277,-0.01481717071,-0.01498587519,0.0001687044862,14673.81073,14412.75103
155.4117647,-0.01481634665,-0.01498668402,0.0001703373702,14675.15418,14411.39297
157.0042017,-0.01481552194,-0.01498749334,0.000171971401,14676.49756,14410.03483
158.5966387,-0.0148146966,-0.01498830314,0.0001736065442,14677.84088,14408.67661
160.1890756,-0.01481387063,-0.0149891134,0.0001752427667,14679.18412,14407.31831
161.7815126,-0.01481304407,-0.01498992411,0.0001768800366,14680.52728,14405.95993
163.3739496,-0.01481221692,-0.01499073524,0.0001785183234,14681.87038,14404.60148
164.9663866,-0.01481138919,-0.01499154679,0.0001801575976,14683.21341,14403.24294
166.5588235,-0.01481056091,-0.01499235874,0.000181797831,14684.55636,14401.88432
168.1512605,-0.01480973209,-0.01499317108,0.0001834389964,14685.89925,14400.52563
169.7436975,-0.01480890273,-0.0149939838,0.0001850810676,14687.24206,14399.16685
171.3361345,-0.01480807285,-0.01499479687,0.0001867240194,14688.5848,14397.808
172.9285714,-0.01480724247,-0.0149956103,0.0001883678275,14689.92747,14396.44907
174.5210084,-0.01480641159,-0.01499642406,0.0001900124685,14691.27007,14395.09006
176.1134454,-0.01480558023,-0.01499723815,0.0001916579199,14692.61259,14393.73097
177.7058824,-0.0148047484,-0.01499805256,0.0001933041598,14693.95505,14392.3718
179.2983193,-0.0148039161,-0.01499886727,0.0001949511675,14695.29743,14391.01256
180.8907563,-0.01480308336,-0.01499968228,0.0001965989225,14696.63974,14389.65324
182.4831933,-0.01480225017,-0.01500049757,0.0001982474054,14697.98197,14388.29383
184.0756303,-0.01480141654,-0.01500131314,0.0001998965974,14699.32414,14386.93436
185.6680672,-0.01480058249,-0.01500212897,0.0002015464802,14700.66623,14385.5748
187.2605042,-0.01479974803,-0.01500294507,0.0002031970363,14702.00824,14384.21517
188.8529412,-0.01479891316,-0.01500376141,0.0002048482486,14703.35019,14382.85545
190.4453782,-0.0147980779,-0.015004578,0.0002065001008,14704.69206,14381.49566
192.0378151,-0.01479724224,-0.01500539482,0.0002081525769,14706.03386,14380.1358
193.6302521,-0.0147964062,-0.01500621186,0.0002098056616,14707.37558,14378.77585
195.2226891,-0.01479556978,-0.01500702912,0.00021145934,14708.71724,14377.41583
196.8151261,-0.014794733,-0.0150078466,0.0002131135978,14710.05882,14376.05573
198.407563,-0.01479389585,-0.01500866427,0.0002147684211,14711.40032,14374.69556
200,-0.01479305835,-0.01500948215,0.0002164237963,14712.74176,14373.33531
